":id",":version",":created_at",":updated_at","crash_date","crash_time","borough","zip_code","latitude","longitude","location","on_street_name","off_street_name","cross_street_name","number_of_persons_injured","number_of_persons_killed","number_of_pedestrians_injured","number_of_pedestrians_killed","number_of_cyclist_injured","number_of_cyclist_killed","number_of_motorist_injured","number_of_motorist_killed","contributing_factor_vehicle_1","contributing_factor_vehicle_2","contributing_factor_vehicle_3","contributing_factor_vehicle_4","contributing_factor_vehicle_5","collision_id","vehicle_type_code1","vehicle_type_code2","vehicle_type_code_3","vehicle_type_code_4","vehicle_type_code_5"
"row-nnpb-ei95.bzv4","rv-heqy~tn22~55ge","2021-04-19T13:00:42.446Z","2021-04-19T13:01:20.786Z","2021-04-13T00:00:00.000","0:00","BROOKLYN","11222","40.7264440","-73.9523300","( 4 0 . 7 2 6 4 4 4 ,   - 7 3 . 9 5 2 3 3 )",,,"745       MANHATTAN AVENUE              ","0","0","0","0","0","0","0","0","Passing Too Closely","Unspecified",,,,"4406876","AMBULANCE","Van",,,
"row-7dfe.7wkv_924c","rv-d4hk.zs6j~7tqw","2021-04-19T13:00:42.446Z","2021-04-19T13:01:20.786Z","2021-04-13T00:00:00.000","0:00","BROOKLYN","11231","40.6785240","-74.0021000","( 4 0 . 6 7 8 5 2 4 ,   - 7 4 . 0 0 2 1 )",,,"667       HENRY STREET                  ","0","0","0","0","0","0","0","0","Unspecified",,,,,"4407150","Station Wagon/Sport Utility Vehicle",,,,
"row-i78k.y2wh-r5pc","rv-atan.vant-ctsd","2021-04-19T13:00:42.446Z","2021-04-19T13:01:20.786Z","2021-04-13T00:00:00.000","0:00","QUEENS","11420","40.6774980","-73.8276000","( 4 0 . 6 7 7 4 9 8 ,   - 7 3 . 8 2 7 6 )","111 STREET                      ","ROCKAWAY BOULEVARD",,"0","0","0","0","0","0","0","0","Other Vehicular","Following Too Closely",,,,"4406940","Bus","Station Wagon/Sport Utility Vehicle",,,
"row-5ka8-47pe.y9rv","rv-6qgu.uve9.ur74","2021-04-19T13:00:42.446Z","2021-04-19T13:01:20.786Z","2021-04-13T00:00:00.000","0:00",,,,,,"ALEXANDER HAMILTON BRIDGE       ",,,"0","0","0","0","0","0","0","0","Following Too Closely","Unspecified",,,,"4407166","Tractor Truck Gasoline","Tractor Truck Gasoline",,,
"row-7ch6.iikp.qrp8","rv-gws9~i8nn_sa2j","2021-04-19T13:00:42.446Z","2021-04-19T13:01:20.786Z","2021-04-13T00:00:00.000","0:00",,,"40.8772350","-73.9178100","( 4 0 . 8 7 7 2 3 5 ,   - 7 3 . 9 1 7 8 1 )","JOHNSON AVENUE                  ",,,"0","0","0","0","0","0","0","0","Unspecified",,,,,"4406935","Sedan",,,,
"row-xm5r-u6w7_3pjc","rv-xjbj_dqbb-hf9j","2021-04-19T13:00:42.446Z","2021-04-19T13:01:20.786Z","2021-04-13T00:00:00.000","0:00",,,"40.9002100","-73.8865000","( 4 0 . 9 0 0 2 1 ,   - 7 3 . 8 8 6 5 )","MOSHOLU PARKWAY                 ",,,"1","0","0","0","0","0","1","0","Unspecified","Unspecified","Unspecified",,,"4407335","Sedan","Sedan","Sedan",,
"row-nvay_f625-3tzg","rv-mfqb~6g7v-x4ne","2021-04-19T13:00:42.446Z","2021-04-19T13:01:20.786Z","2021-04-13T00:00:00.000","0:07","BRONX","10456","40.8294200","-73.9122600","( 4 0 . 8 2 9 4 2 ,   - 7 3 . 9 1 2 2 6 )","EAST 166 STREET                 ","CLAY AVENUE",,"1","0","0","0","0","0","1","0","Traffic Control Disregarded","Unspecified",,,,"4406764","Station Wagon/Sport Utility Vehicle","Station Wagon/Sport Utility Vehicle",,,
"row-grkx.pxt9-8cvk","rv-sgzj-h6ix.45bk","2021-04-19T13:00:42.446Z","2021-04-19T13:01:20.786Z","2021-04-13T00:00:00.000","0:15","QUEENS","11378","40.7274320","-73.9071300","( 4 0 . 7 2 7 4 3 2 ,   - 7 3 . 9 0 7 1 3 )","LONG ISLAND EXPRESSWAY          ","MAURICE AVENUE",,"0","0","0","0","0","0","0","0","Driver Inattention/Distraction","Driver Inattention/Distraction",,,,"4406969","Station Wagon/Sport Utility Vehicle","Station Wagon/Sport Utility Vehicle",,,
"row-5e9r.tuw7_xz7d","rv-g57s~42a6_yjdr","2021-04-19T13:00:42.446Z","2021-04-19T13:01:20.786Z","2021-04-13T00:00:00.000","0:45",,,"40.8439560","-73.8978000","( 4 0 . 8 4 3 9 5 6 ,   - 7 3 . 8 9 7 8 )","CROSS BRONX EXPY                ",,,"1","0","0","0","0","0","1","0","Driver Inattention/Distraction","Unspecified",,,,"4406937","Station Wagon/Sport Utility Vehicle","Sedan",,,
"row-enks~qc6r_gtng","rv-6zs4.azni~6m9s","2021-04-19T13:00:42.446Z","2021-04-19T13:01:20.786Z","2021-04-13T00:00:00.000","10:00","BRONX","10463",,,,"Ft independence street          ","Bailey place",,"0","0","0","0","0","0","0","0","Unspecified",,,,,"4406932","Sedan",,,,
"row-mp33.rkq6~7t7w","rv-ypt2~tp5f-bfa4","2021-04-19T13:00:42.446Z","2021-04-19T13:01:20.786Z","2021-04-13T00:00:00.000","10:00","BROOKLYN","11207","40.6862260","-73.9124000","( 4 0 . 6 8 6 2 2 6 ,   - 7 3 . 9 1 2 4 )","BUSHWICK AVENUE                 ","COVERT STREET",,"0","0","0","0","0","0","0","0","Driver Inattention/Distraction","Unspecified",,,,"4407056","Sedan","Station Wagon/Sport Utility Vehicle",,,
"row-3ype-xtcs_qqbk","rv-8enu.n9ck_yatw","2021-04-19T13:00:42.446Z","2021-04-19T13:01:20.786Z","2021-04-13T00:00:00.000","10:00","BROOKLYN","11209","40.6347430","-74.0352900","( 4 0 . 6 3 4 7 4 3 ,   - 7 4 . 0 3 5 2 9 )","NARROWS AVENUE                  ","73 STREET",,"0","0","0","0","0","0","0","0","Driver Inattention/Distraction","Unspecified",,,,"4407022","Station Wagon/Sport Utility Vehicle","Station Wagon/Sport Utility Vehicle",,,
"row-6e73_bghu~ikbx","rv-8s7w~di5u.m9dr","2021-04-19T13:00:42.446Z","2021-04-19T13:01:20.786Z","2021-04-13T00:00:00.000","10:00",,,"40.8178200","-73.9152760","( 4 0 . 8 1 7 8 2 ,   - 7 3 . 9 1 5 2 7 6 )","3 AVENUE                        ","EAST 152 STREET",,"0","0","0","0","0","0","0","0","Unspecified",,,,,"4406899","Sedan",,,,
"row-4ia6~hyve~fjiv","rv-qucr-6cp7_7sfr","2021-04-19T13:00:42.446Z","2021-04-19T13:01:20.786Z","2021-04-13T00:00:00.000","10:00","BROOKLYN","11203","40.6423840","-73.9253900","( 4 0 . 6 4 2 3 8 4 ,   - 7 3 . 9 2 5 3 9 )","AVENUE D                        ","KINGS HIGHWAY",,"1","0","0","0","0","0","1","0","Turning Improperly","Unspecified",,,,"4406931","Sedan","Sedan",,,
"row-eam8.a6z8_cjpu","rv-vgz7~u4du~bsmj","2021-04-19T13:00:42.446Z","2021-04-19T13:01:20.786Z","2021-04-13T00:00:00.000","10:04","BROOKLYN","11236","40.6538960","-73.9014200","( 4 0 . 6 5 3 8 9 6 ,   - 7 3 . 9 0 1 4 2 )",,,"10502     AVENUE D                      ","0","0","0","0","0","0","0","0","Turning Improperly","Unspecified",,,,"4407404","Station Wagon/Sport Utility Vehicle","Sedan",,,
"row-xc2t~46jy-ras9","rv-txuq-9mzv.pbx3","2021-04-19T13:00:42.446Z","2021-04-19T13:01:20.786Z","2021-04-13T00:00:00.000","10:15","BROOKLYN","11231","40.6837200","-74.0033400","( 4 0 . 6 8 3 7 2 ,   - 7 4 . 0 0 3 3 4 )","COLUMBIA STREET                 ","PRESIDENT STREET",,"1","0","0","0","0","0","1","0","Reaction to Uninvolved Vehicle","Unspecified",,,,"4407666","Sedan","Pick-up Truck",,,
"row-fkyr-p7yc.73p8","rv-yiuv~jje3_gscq","2021-04-19T13:00:42.446Z","2021-04-19T13:01:20.786Z","2021-04-13T00:00:00.000","10:20","BRONX","10459","40.8231770","-73.8899600","( 4 0 . 8 2 3 1 7 7 ,   - 7 3 . 8 8 9 9 6 )",,,"979       ALDUS STREET                  ","0","0","0","0","0","0","0","0","Unspecified",,,,,"4407108","Sedan","Box Truck",,,
"row-bfjt-wz4p_73pk","rv-v2bg-5wyy.88uy","2021-04-19T13:00:42.446Z","2021-04-19T13:01:20.786Z","2021-04-13T00:00:00.000","10:21","BRONX","10461","40.8453800","-73.8409000","( 4 0 . 8 4 5 3 8 ,   - 7 3 . 8 4 0 9 )",,,"1500      WATERS PLACE                  ","0","0","0","0","0","0","0","0","Unspecified",,,,,"4406904","Ambulance",,,,
"row-86vq~2s2p_rcxt","rv-sd29.kik3_8dbe","2021-04-19T13:00:42.446Z","2021-04-19T13:01:20.786Z","2021-04-13T00:00:00.000","10:30","BROOKLYN","11223","40.6021200","-73.9695800","( 4 0 . 6 0 2 1 2 ,   - 7 3 . 9 6 9 5 8 )","AVENUE S                        ","EAST 3 STREET",,"0","0","0","0","0","0","0","0","Unspecified",,,,,"4407098","Pick-up Truck",,,,
"row-hxzm-52qc-a85i","rv-dxhm_z5en_zjaj","2021-04-19T13:00:42.446Z","2021-04-19T13:01:20.786Z","2021-04-13T00:00:00.000","10:30","MANHATTAN","10019","40.7668880","-73.9833150","( 4 0 . 7 6 6 8 8 8 ,   - 7 3 . 9 8 3 3 1 5 )",,,"300       WEST 57 STREET                ","0","0","0","0","0","0","0","0","Unspecified","Unspecified",,,,"4407031","Station Wagon/Sport Utility Vehicle","Sedan",,,
"row-e9ct~uyhg_mgi9","rv-dw8e~2xp5-wvzq","2021-04-19T13:00:42.446Z","2021-04-19T13:01:20.786Z","2021-04-13T00:00:00.000","10:30","QUEENS","11360",,,,"26TH AVENUE                     ","CORPORAL KENNEDY STREET",,"0","0","0","0","0","0","0","0","Passing Too Closely","Unspecified",,,,"4406951","Station Wagon/Sport Utility Vehicle",,,,
"row-tgzx_zwxm~zavq","rv-eytx-g9iv_92f2","2021-04-19T13:00:42.446Z","2021-04-19T13:01:20.786Z","2021-04-13T00:00:00.000","10:30",,,"40.7056700","-73.9214200","( 4 0 . 7 0 5 6 7 ,   - 7 3 . 9 2 1 4 2 )","WYCKOFF AVENUE                  ",,,"0","0","0","0","0","0","0","0","Turning Improperly","Unspecified",,,,"4407139","Tractor Truck Diesel","Sedan",,,
"row-h4vp-rrzn_ut3c","rv-5xrk_wz24_f2qk","2021-04-19T13:00:42.446Z","2021-04-19T13:01:20.786Z","2021-04-13T00:00:00.000","10:31","QUEENS","11378","40.7291340","-73.9310150","( 4 0 . 7 2 9 1 3 4 ,   - 7 3 . 9 3 1 0 1 5 )","REVIEW AVENUE                   ","LAUREL HILL BOULEVARD",,"1","0","0","0","0","0","1","0","Fell Asleep","Unspecified",,,,"4407306","TRAC","Sedan",,,
"row-38bd_pq5j_n5qv","rv-5gb5~sz3u.ede3","2021-04-19T13:00:42.446Z","2021-04-19T13:01:20.786Z","2021-04-13T00:00:00.000","10:37","BROOKLYN","11207","40.6710470","-73.8927150","( 4 0 . 6 7 1 0 4 7 ,   - 7 3 . 8 9 2 7 1 5 )","BELMONT AVENUE                  ","WYONA STREET",,"0","0","0","0","0","0","0","0","Unspecified",,,,,"4407718","Sedan",,,,
"row-pm7s-346y_aqav","rv-wavd-r2im~qg86","2021-04-19T13:00:42.446Z","2021-04-19T13:01:20.786Z","2021-04-13T00:00:00.000","10:52","BROOKLYN","11220","40.6114300","-74.0348500","( 4 0 . 6 1 1 4 3 ,   - 7 4 . 0 3 4 8 5 )","SHORE ROAD                      ","4 AVENUE",,"2","0","0","0","0","0","2","0","Driver Inattention/Distraction",,,,,"4407024","Station Wagon/Sport Utility Vehicle",,,,
"row-2n58_kjem_z2ne","rv-t8qd_7czb-2zzu","2021-04-19T13:00:42.446Z","2021-04-19T13:01:20.786Z","2021-04-13T00:00:00.000","11:00",,,"40.7328870","-73.9205860","( 4 0 . 7 3 2 8 8 7 ,   - 7 3 . 9 2 0 5 8 6 )","LONG ISLAND EXPRESSWAY          ",,,"0","0","0","0","0","0","0","0","Driver Inattention/Distraction","Unspecified",,,,"4407307","Box Truck","Station Wagon/Sport Utility Vehicle",,,
"row-9ph5~g7pd_ev9k","rv-jaz2~tq36_hvyd","2021-04-19T13:00:42.446Z","2021-04-19T13:01:20.786Z","2021-04-13T00:00:00.000","11:00",,,,,,"MAJOR DEEGAN EXPRESSWAY RAMP    ",,,"0","0","0","0","0","0","0","0","Driver Inattention/Distraction","Unspecified",,,,"4406933","Station Wagon/Sport Utility Vehicle","Sedan",,,
"row-wmfk_qrfv_khfx","rv-p4ks~x6xd.spcc","2021-04-19T13:00:42.446Z","2021-04-19T13:01:20.786Z","2021-04-13T00:00:00.000","11:00","MANHATTAN","10001","40.7509880","-73.9906300","( 4 0 . 7 5 0 9 8 8 ,   - 7 3 . 9 9 0 6 3 )","WEST 34 STREET                  ","7 AVENUE",,"1","0","1","0","0","0","0","0","Unspecified",,,,,"4407047","Bus",,,,
"row-kp8k-55f4.dfjt","rv-5r4a~53ee_deuu","2021-04-19T13:00:42.446Z","2021-04-19T13:01:20.786Z","2021-04-13T00:00:00.000","11:18","QUEENS","11372","40.7470600","-73.8894400","( 4 0 . 7 4 7 0 6 ,   - 7 3 . 8 8 9 4 4 )",,,"76-13     ROOSEVELT AVENUE              ","4","0","0","0","0","0","4","0","Unspecified",,,,,"4407240","Sedan",,,,
"row-xrkv_ex9d~apnr","rv-pp3i~mxcj~trhq","2021-04-19T13:00:42.446Z","2021-04-19T13:01:20.786Z","2021-04-13T00:00:00.000","11:26","BROOKLYN","11221","40.6872300","-73.9417950","( 4 0 . 6 8 7 2 3 ,   - 7 3 . 9 4 1 7 9 5 )","THROOP AVENUE                   ","GATES AVENUE",,"0","0","0","0","0","0","0","0","Passing Too Closely","Unspecified",,,,"4407054","Station Wagon/Sport Utility Vehicle","Station Wagon/Sport Utility Vehicle",,,
"row-dr9z-4gfj_evdr","rv-gc7h_c5e2~p6np","2021-04-19T13:00:42.446Z","2021-04-19T13:01:20.786Z","2021-04-13T00:00:00.000","11:30",,,"40.8291550","-73.9372800","( 4 0 . 8 2 9 1 5 5 ,   - 7 3 . 9 3 7 2 8 )","WEST 155 STREET                 ",,,"0","0","0","0","0","0","0","0","Unspecified",,,,,"4407003","Sedan",,,,
"row-envn~au56_grvb","rv-kc34_kzx5-275m","2021-04-19T13:00:42.446Z","2021-04-19T13:01:20.786Z","2021-04-13T00:00:00.000","11:30",,,"40.7472760","-73.9896240","( 4 0 . 7 4 7 2 7 6 ,   - 7 3 . 9 8 9 6 2 4 )","WEST 30 STREET                  ",,,"1","0","1","0","0","0","0","0","Failure to Yield Right-of-Way",,,,,"4407017","Station Wagon/Sport Utility Vehicle",,,,
"row-ij2e_nk5j-wqhz","rv-b7u9~jk9g-rk2h","2021-04-19T13:00:42.446Z","2021-04-19T13:01:20.786Z","2021-04-13T00:00:00.000","11:34",,,"40.6527520","-73.8862900","( 4 0 . 6 5 2 7 5 2 ,   - 7 3 . 8 8 6 2 9 )","PENNSYLVANIA AVENUE             ",,,"3","0","0","0","0","0","3","0","Driver Inattention/Distraction","Unspecified",,,,"4407727","Station Wagon/Sport Utility Vehicle","Station Wagon/Sport Utility Vehicle",,,
"row-5x2g~5au3~gcgn","rv-krdj.t7ta_ezvx","2021-04-19T13:00:42.446Z","2021-04-19T13:01:20.786Z","2021-04-13T00:00:00.000","11:40",,,"40.6255460","-73.9399800","( 4 0 . 6 2 5 5 4 6 ,   - 7 3 . 9 3 9 9 8 )","FLATBUSH AVENUE                 ","AVENUE K",,"1","0","0","0","0","0","1","0","Unspecified","Unspecified",,,,"4407203","Sedan","PK",,,
"row-vz9d.2egj.ix4a","rv-n9xc.7xfa_vv68","2021-04-19T13:00:42.446Z","2021-04-19T13:01:20.786Z","2021-04-13T00:00:00.000","11:50","MANHATTAN","10000","40.7697640","-73.9745500","( 4 0 . 7 6 9 7 6 4 ,   - 7 3 . 9 7 4 5 5 )","TRANSVERSE ROAD NUMBER ONE      ","CENTER DRIVE",,"0","0","0","0","0","0","0","0","Brakes Defective","Unspecified",,,,"4407324","Bike","Bike",,,
"row-c2i6_jvj8_jzj9","rv-uv6g.u67x-a5xt","2021-04-19T13:00:42.446Z","2021-04-19T13:01:20.786Z","2021-04-13T00:00:00.000","12:00","QUEENS","11419","40.6857720","-73.8181900","( 4 0 . 6 8 5 7 7 2 ,   - 7 3 . 8 1 8 1 9 )","125 STREET                      ","107 AVENUE",,"0","0","0","0","0","0","0","0","Passing Too Closely","Unspecified",,,,"4406920","Sedan",,,,
"row-783r-gmdn~p5wu","rv-ae4f-mv7n-43k2","2021-04-19T13:00:42.446Z","2021-04-19T13:01:20.786Z","2021-04-13T00:00:00.000","12:00","QUEENS","11414","40.6662670","-73.8457260","( 4 0 . 6 6 6 2 6 7 ,   - 7 3 . 8 4 5 7 2 6 )","89 STREET                       ","155 AVENUE",,"1","0","0","0","0","0","1","0","Passing or Lane Usage Improper","Unspecified",,,,"4406939","Sedan","Station Wagon/Sport Utility Vehicle",,,
"row-9qxr_85w7-b3dd","rv-vrpb_mymp~ntkn","2021-04-19T13:00:42.446Z","2021-04-19T13:01:20.786Z","2021-04-13T00:00:00.000","12:25",,,"40.7461130","-73.7357600","( 4 0 . 7 4 6 1 1 3 ,   - 7 3 . 7 3 5 7 6 )","CROSS ISLAND PARKWAY            ",,,"1","0","0","0","0","0","1","0","Driver Inattention/Distraction","Unspecified",,,,"4407039","Station Wagon/Sport Utility Vehicle","Station Wagon/Sport Utility Vehicle",,,
"row-c7mx.zukx_ymze","rv-vdb2.ajca.7bkf","2021-04-19T13:00:42.446Z","2021-04-19T13:01:20.786Z","2021-04-13T00:00:00.000","12:26","STATEN ISLAND","10312","40.5505700","-74.1675800","( 4 0 . 5 5 0 5 7 ,   - 7 4 . 1 6 7 5 8 )","RICHMOND AVENUE                 ","KATAN AVENUE",,"0","0","0","0","0","0","0","0","Passing or Lane Usage Improper","Unspecified",,,,"4406958","Station Wagon/Sport Utility Vehicle","Station Wagon/Sport Utility Vehicle",,,
"row-d39q~qa9v.fz5v","rv-36cn~jvq9.svdc","2021-04-19T13:00:42.446Z","2021-04-19T13:01:20.786Z","2021-04-13T00:00:00.000","12:27","QUEENS","11378","40.7256770","-73.9031400","( 4 0 . 7 2 5 6 7 7 ,   - 7 3 . 9 0 3 1 4 )",,,"61-46     55 DRIVE                      ","1","0","0","0","0","0","1","0","Following Too Closely","Unspecified",,,,"4407034","Sedan","Sedan",,,
"row-z4p8.heci-hzeh","rv-2c84~g8sm-7ve3","2021-04-19T13:00:42.446Z","2021-04-19T13:01:20.786Z","2021-04-13T00:00:00.000","12:35","QUEENS","11385","40.6914330","-73.8906300","( 4 0 . 6 9 1 4 3 3 ,   - 7 3 . 8 9 0 6 3 )","CYPRESS AVENUE                  ","VERMONT PLACE",,"0","0","0","0","0","0","0","0","Turning Improperly","Unspecified",,,,"4406926","Motorcycle","Sedan",,,
"row-77y6~sppm.p9s9","rv-5wht-g6xq~u338","2021-04-19T13:00:42.446Z","2021-04-19T13:01:20.786Z","2021-04-13T00:00:00.000","12:50","QUEENS","11691","40.6027680","-73.7501200","( 4 0 . 6 0 2 7 6 8 ,   - 7 3 . 7 5 0 1 2 )",,,"16-12     MOTT AVENUE                   ","0","0","0","0","0","0","0","0","Traffic Control Disregarded","Other Vehicular",,,,"4406948","Sedan","Open Body",,,
"row-3na4_4ri3~zbm9","rv-9rnq.tptp-sygm","2021-04-19T13:00:42.446Z","2021-04-19T13:01:20.786Z","2021-04-13T00:00:00.000","12:57",,,"40.8636900","-73.9170700","( 4 0 . 8 6 3 6 9 ,   - 7 3 . 9 1 7 0 7 )","WEST 207 STREET                 ",,,"1","0","0","0","0","0","1","0","Failure to Yield Right-of-Way","Unspecified",,,,"4407304","Station Wagon/Sport Utility Vehicle","Pick-up Truck",,,
"row-2ymz~dhta-kdgu","rv-ujxi-5876.dpti","2021-04-19T13:00:42.446Z","2021-04-19T13:01:20.786Z","2021-04-13T00:00:00.000","12:58","BROOKLYN","11235","40.5916000","-73.9606860","( 4 0 . 5 9 1 6 ,   - 7 3 . 9 6 0 6 8 6 )","CONEY ISLAND AVENUE             ","AVENUE X",,"1","0","0","0","0","0","1","0","Driver Inattention/Distraction","Unspecified",,,,"4407302","Pick-up Truck","Sedan",,,
"row-m6ea~q2td_wpcb","rv-bg7s_f4ai_x2rm","2021-04-19T13:00:42.446Z","2021-04-19T13:01:20.786Z","2021-04-13T00:00:00.000","13:00","BRONX","10458","40.8571170","-73.8990700","( 4 0 . 8 5 7 1 1 7 ,   - 7 3 . 8 9 9 0 7 )","RYER AVENUE                     ","EAST 183 STREET",,"0","0","0","0","0","0","0","0","Other Vehicular","Unspecified",,,,"4406953","Station Wagon/Sport Utility Vehicle","Station Wagon/Sport Utility Vehicle",,,
"row-jwyi.giqm~ht95","rv-mtyx_x6xy.e4e8","2021-04-19T13:00:42.446Z","2021-04-19T13:01:20.786Z","2021-04-13T00:00:00.000","13:03","BRONX","10458","40.8556560","-73.8899150","( 4 0 . 8 5 5 6 5 6 ,   - 7 3 . 8 8 9 9 1 5 )",,,"2365      LORILLARD PLACE               ","0","0","0","0","0","0","0","0","Oversized Vehicle","Unspecified",,,,"4406956","Station Wagon/Sport Utility Vehicle","Station Wagon/Sport Utility Vehicle",,,
"row-r3en-4v22~3jd4","rv-6f8a~3i62_mz7g","2021-04-19T13:00:42.446Z","2021-04-19T13:01:20.786Z","2021-04-13T00:00:00.000","13:10",,,"40.5992550","-73.9894000","( 4 0 . 5 9 9 2 5 5 ,   - 7 3 . 9 8 9 4 )","86 STREET                       ",,,"0","0","0","0","0","0","0","0","Unspecified",,,,,"4407011","Station Wagon/Sport Utility Vehicle",,,,
"row-x3fc~g6s4.g4v2","rv-gnhi-uwbe-sn4b","2021-04-19T13:00:42.446Z","2021-04-19T13:01:20.786Z","2021-04-13T00:00:00.000","13:12","QUEENS","11375","40.7193680","-73.8360060","( 4 0 . 7 1 9 3 6 8 ,   - 7 3 . 8 3 6 0 0 6 )","113 STREET                      ","75 AVENUE",,"0","0","0","0","0","0","0","0","Passing Too Closely","Unspecified",,,,"4406959","Box Truck","Station Wagon/Sport Utility Vehicle",,,
"row-jc2u~htcw.4g95","rv-56fu-j6a2~3hhv","2021-04-19T13:00:42.446Z","2021-04-19T13:01:20.786Z","2021-04-13T00:00:00.000","13:15","BROOKLYN","11214","40.6046100","-73.9982600","( 4 0 . 6 0 4 6 1 ,   - 7 3 . 9 9 8 2 6 )","20 AVENUE                       ","86 STREET",,"0","0","0","0","0","0","0","0","Driver Inattention/Distraction","Unspecified",,,,"4407012","Sedan","Station Wagon/Sport Utility Vehicle",,,
"row-2ayu-wxqy_q83b","rv-nen3.xba8-fs5u","2021-04-19T13:00:42.446Z","2021-04-19T13:01:20.786Z","2021-04-13T00:00:00.000","13:25","BROOKLYN","11203","40.6521760","-73.9284800","( 4 0 . 6 5 2 1 7 6 ,   - 7 3 . 9 2 8 4 8 )","EAST 52 STREET                  ","CHURCH AVENUE",,"1","0","0","0","0","0","1","0","Unspecified","Unspecified",,,,"4407573","Sedan","Minibike",,,
"row-jg5h_2xrm.rwtg","rv-bisa~ahi5.vu83","2021-04-19T13:00:42.446Z","2021-04-19T13:01:20.786Z","2021-04-13T00:00:00.000","13:30","MANHATTAN","10013","40.7180180","-73.9999600","( 4 0 . 7 1 8 0 1 8 ,   - 7 3 . 9 9 9 9 6 )","CANAL STREET                    ","CENTRE STREET",,"0","0","0","0","0","0","0","0","Driver Inattention/Distraction","Unspecified",,,,"4406945","Armored Truck",,,,
"row-j5gt~8k5m-6brv","rv-fpjc~auxm_y6rd","2021-04-19T13:00:42.446Z","2021-04-19T13:01:20.786Z","2021-04-13T00:00:00.000","13:30","QUEENS","11360","40.7793240","-73.7756040","( 4 0 . 7 7 9 3 2 4 ,   - 7 3 . 7 7 5 6 0 4 )","BELL BOULEVARD                  ","24 AVENUE",,"0","0","0","0","0","0","0","0","Passing Too Closely","Unspecified",,,,"4407173","Station Wagon/Sport Utility Vehicle",,,,
"row-iu46_ymij~jwwe","rv-8jt3-uyp5.chmv","2021-04-19T13:00:42.446Z","2021-04-19T13:01:20.786Z","2021-04-13T00:00:00.000","13:30",,,"40.7023620","-73.9129100","( 4 0 . 7 0 2 3 6 2 ,   - 7 3 . 9 1 2 9 1 )","MENAHAN STREET                  ",,,"0","0","0","0","0","0","0","0","Backing Unsafely","Unspecified",,,,"4407060","Sedan","Sedan",,,
"row-mak4.4d5g.i6bh","rv-wcmq.wam6-br6j","2021-04-19T13:00:42.446Z","2021-04-19T13:01:20.786Z","2021-04-13T00:00:00.000","13:30","BROOKLYN","11220","0E-7","0E-7","( 0 . 0 ,   0 . 0 )","5 AVENUE                        ","56 STREET",,"1","0","0","0","1","0","0","0","Turning Improperly","Unspecified",,,,"4407093","Station Wagon/Sport Utility Vehicle","E-Bike",,,
"row-4xnp~sktg-36yh","rv-5vtq-nea6~9wtf","2021-04-19T13:00:42.446Z","2021-04-19T13:01:20.786Z","2021-04-13T00:00:00.000","13:30",,,"40.6383820","-74.0366800","( 4 0 . 6 3 8 3 8 2 ,   - 7 4 . 0 3 6 6 8 )","BELT PARKWAY                    ",,,"2","0","0","0","0","0","2","0","Following Too Closely","Unspecified",,,,"4407079","Station Wagon/Sport Utility Vehicle","Sedan",,,
"row-uu3q.d5rd-qg5x","rv-7vkx_nz8m-ddw8","2021-04-19T13:00:42.446Z","2021-04-19T13:01:20.786Z","2021-04-13T00:00:00.000","13:38",,,"40.7375530","-73.8508900","( 4 0 . 7 3 7 5 5 3 ,   - 7 3 . 8 5 0 8 9 )","LONG ISLAND EXPRESSWAY          ",,,"0","0","0","0","0","0","0","0","Following Too Closely","Unspecified",,,,"4406961","Sedan","Station Wagon/Sport Utility Vehicle",,,
"row-4pea_5d3f-iu9t","rv-dtfk~b6wf_3spg","2021-04-19T13:00:42.446Z","2021-04-19T13:01:20.786Z","2021-04-13T00:00:00.000","13:40","BROOKLYN","11217","40.6802670","-73.9747000","( 4 0 . 6 8 0 2 6 7 ,   - 7 3 . 9 7 4 7 )","FLATBUSH AVENUE                 ","6 AVENUE",,"0","0","0","0","0","0","0","0","Driver Inattention/Distraction","Unspecified",,,,"4407141","Bus","Station Wagon/Sport Utility Vehicle",,,
"row-quj7_kynq_mh9y","rv-dg9t.fhq7_9sx7","2021-04-19T13:00:42.446Z","2021-04-19T13:01:20.786Z","2021-04-13T00:00:00.000","13:40",,,"40.6972850","-73.7944600","( 4 0 . 6 9 7 2 8 5 ,   - 7 3 . 7 9 4 4 6 )","160 STREET                      ",,,"0","0","0","0","0","0","0","0","Lane Marking Improper/Inadequate","Unspecified",,,,"4407037","Sedan","Station Wagon/Sport Utility Vehicle",,,
"row-7cs6_49zs_w43x","rv-dxme.f95q.n66p","2021-04-19T13:00:42.446Z","2021-04-19T13:01:20.786Z","2021-04-13T00:00:00.000","13:44","BROOKLYN","11218","40.6436600","-73.9796300","( 4 0 . 6 4 3 6 6 ,   - 7 3 . 9 7 9 6 3 )",,,"438       MC DONALD AVENUE              ","0","0","0","0","0","0","0","0","Unspecified","Unspecified",,,,"4407292","Sedan",,,,
"row-b3iw_whc8-bbm4","rv-h93c~6yxs.rp32","2021-04-19T13:00:42.446Z","2021-04-19T13:01:20.786Z","2021-04-13T00:00:00.000","13:50","BROOKLYN","11222","40.7242620","-73.9376600","( 4 0 . 7 2 4 2 6 2 ,   - 7 3 . 9 3 7 6 6 )","APOLLO STREET                   ","MEEKER AVENUE",,"0","1","0","0","0","0","0","1","Illnes","Unspecified",,,,"4407071","Sedan","Sedan",,,
"row-7h8g.9g5x.fjca","rv-wjnv-zesg~injp","2021-04-19T13:00:42.446Z","2021-04-19T13:01:20.786Z","2021-04-13T00:00:00.000","14:00","QUEENS","11432","40.7133750","-73.7807800","( 4 0 . 7 1 3 3 7 5 ,   - 7 3 . 7 8 0 7 8 )",,,"181-24    HILLSIDE AVENUE               ","1","0","0","0","0","0","1","0","Driver Inattention/Distraction","Driver Inattention/Distraction",,,,"4407016","Bus","Station Wagon/Sport Utility Vehicle",,,
"row-t68t_jbsk~zaug","rv-qh3p-z2ne-zn8g","2021-04-19T13:00:42.446Z","2021-04-19T13:01:20.786Z","2021-04-13T00:00:00.000","14:10","MANHATTAN","10031","40.8250770","-73.9493500","( 4 0 . 8 2 5 0 7 7 ,   - 7 3 . 9 4 9 3 5 )",,,"540       WEST 144 STREET               ","0","0","0","0","0","0","0","0","Passing Too Closely","Unspecified",,,,"4407440","Station Wagon/Sport Utility Vehicle",,,,
"row-ccxf_mifc-7hhi","rv-6gs7.nj8i~h953","2021-04-19T13:00:42.446Z","2021-04-19T22:53:45.392Z","2021-04-13T00:00:00.000","14:10","QUEENS","11434","40.662476","-73.768326","      ( 4 0 . 6 6 2 4 7 6 ,   - 7 3 . 7 6 8 3 2 6 )",,,"146-22    BREWER BOULEVARD","0","0","0","0","0","0","0","0","Unspecified",,,,,"4407049","Sedan",,,,
"row-fy2v.wfym~2nwg","rv-vqsq.a5vy.kukm","2021-04-19T13:00:42.446Z","2021-04-19T13:01:20.786Z","2021-04-13T00:00:00.000","14:10","BROOKLYN","11219","40.6240500","-73.9999540","( 4 0 . 6 2 4 0 5 ,   - 7 3 . 9 9 9 9 5 4 )","66 STREET                       ","14 AVENUE",,"1","0","1","0","0","0","0","0","Unspecified",,,,,"4407575",,,,,
"row-qdbw_2mba.kzyc","rv-niwd~ugmb-3jfi","2021-04-19T13:00:42.446Z","2021-04-19T13:01:20.786Z","2021-04-13T00:00:00.000","14:23",,,"40.8698460","-73.9158860","( 4 0 . 8 6 9 8 4 6 ,   - 7 3 . 9 1 5 8 8 6 )","BROADWAY                        ","WEST 215 STREET",,"1","0","1","0","0","0","0","0","Failure to Yield Right-of-Way",,,,,"4407308","Sedan",,,,
"row-h4ps~z3jb_bz5e","rv-j2ps~mje8_39ic","2021-04-19T13:00:42.446Z","2021-04-19T13:01:20.786Z","2021-04-13T00:00:00.000","14:25","MANHATTAN","10033","40.8492970","-73.9389700","( 4 0 . 8 4 9 2 9 7 ,   - 7 3 . 9 3 8 9 7 )","FORT WASHINGTON AVENUE          ","WEST 179 STREET",,"0","0","0","0","0","0","0","0","Failure to Yield Right-of-Way","Unspecified",,,,"4407325","Sedan","Bike",,,
"row-yyf7~rp9n~5r7d","rv-2vsr~rwaa-x9i2","2021-04-19T13:00:42.446Z","2021-04-19T13:01:20.786Z","2021-04-13T00:00:00.000","14:25","QUEENS","11691","40.5975100","-73.7598100","( 4 0 . 5 9 7 5 1 ,   - 7 3 . 7 5 9 8 1 )",,,"25-10     DEERFIELD ROAD                ","0","0","0","0","0","0","0","0","Other Vehicular",,,,,"4407146","Station Wagon/Sport Utility Vehicle",,,,
"row-xw7f-9i2n~5rdy","rv-4694-kkyd_rydu","2021-04-19T13:00:42.446Z","2021-04-19T13:01:20.786Z","2021-04-13T00:00:00.000","14:25","QUEENS","11377","40.7390670","-73.8958800","( 4 0 . 7 3 9 0 6 7 ,   - 7 3 . 8 9 5 8 8 )","69 STREET                       ","47 AVENUE",,"1","0","0","0","0","0","1","0","Driver Inattention/Distraction","Unspecified",,,,"4407046","Station Wagon/Sport Utility Vehicle","Station Wagon/Sport Utility Vehicle",,,
"row-fjbs.vr9g-azjp","rv-pzu6-4tyj~hksk","2021-04-19T13:00:42.446Z","2021-04-19T13:01:20.786Z","2021-04-13T00:00:00.000","14:28",,,"40.6740000","-73.9603960","( 4 0 . 6 7 4 ,   - 7 3 . 9 6 0 3 9 6 )","STERLING PLACE                  ",,,"1","0","0","0","0","0","1","0","Driver Inattention/Distraction","Unspecified",,,,"4407072","Motorscooter","Sedan",,,
"row-yg87-eyjr.cbi9","rv-mktt~svaj~iw93","2021-04-19T13:00:42.446Z","2021-04-19T13:01:20.786Z","2021-04-13T00:00:00.000","14:30","BROOKLYN","11201","40.6962930","-73.9911960","( 4 0 . 6 9 6 2 9 3 ,   - 7 3 . 9 9 1 1 9 6 )","TILLARY STREET                  ","CADMAN PLAZA WEST",,"0","0","0","0","0","0","0","0","Driver Inattention/Distraction","Unspecified","Unspecified",,,"4407041","Sedan","Sedan","Sedan",,
"row-nt7e~25bb-jf2f","rv-m48w~s7mz-5e84","2021-04-19T13:00:42.446Z","2021-04-19T13:01:20.786Z","2021-04-13T00:00:00.000","14:30","BROOKLYN","11238","40.6827960","-73.9688100","( 4 0 . 6 8 2 7 9 6 ,   - 7 3 . 9 6 8 8 1 )",,,"495       CLERMONT AVENUE               ","0","0","0","0","0","0","0","0","Unspecified",,,,,"4407625","Sedan",,,,
"row-ntym-juf8_m6t9","rv-88ju-c5v2_kxpc","2021-04-19T13:00:42.446Z","2021-04-19T13:01:20.786Z","2021-04-13T00:00:00.000","14:30",,,"40.8267600","-73.9375840","( 4 0 . 8 2 6 7 6 ,   - 7 3 . 9 3 7 5 8 4 )","MACOMBS PLACE                   ",,,"0","0","0","0","0","0","0","0","Passing Too Closely","Other Vehicular",,,,"4406986","Bus","Station Wagon/Sport Utility Vehicle",,,
"row-n5gu.vct5-bqr9","rv-38au-bhaj-ip5z","2021-04-19T13:00:42.446Z","2021-04-19T13:01:20.786Z","2021-04-13T00:00:00.000","14:31","BROOKLYN","11236","40.6375120","-73.9129500","( 4 0 . 6 3 7 5 1 2 ,   - 7 3 . 9 1 2 9 5 )",,,"745       EAST 82 STREET                ","0","0","0","0","0","0","0","0","Backing Unsafely","Passing or Lane Usage Improper",,,,"4407092","Sedan",,,,
"row-4rw6~vj9n-qrja","rv-c6qr.hp9e_3nt6","2021-04-19T13:00:42.446Z","2021-04-19T13:01:20.786Z","2021-04-13T00:00:00.000","14:35",,,"40.6071850","-74.1623900","( 4 0 . 6 0 7 1 8 5 ,   - 7 4 . 1 6 2 3 9 )","RICHMOND AVENUE                 ","VICTORY BOULEVARD",,"0","0","0","0","0","0","0","0","Passing or Lane Usage Improper","Unspecified",,,,"4407002","Station Wagon/Sport Utility Vehicle","Sedan",,,
"row-8niz~n43z.qc82","rv-jg8y_77qk-9zr8","2021-04-19T13:00:42.446Z","2021-04-19T13:01:20.786Z","2021-04-13T00:00:00.000","14:40",,,"40.7008200","-73.7895400","( 4 0 . 7 0 0 8 2 ,   - 7 3 . 7 8 9 5 4 )","MERRICK BOULEVARD               ",,,"0","0","0","0","0","0","0","0","Driver Inattention/Distraction","Driver Inattention/Distraction",,,,"4407559","Bus","Station Wagon/Sport Utility Vehicle",,,
"row-734e.fs53~xcxe","rv-5pid_xx46-pw9f","2021-04-19T13:00:42.446Z","2021-04-19T13:01:20.786Z","2021-04-13T00:00:00.000","14:45",,,,,,"BROOKVILLE BOULEVARD            ","ROCKAWAY BOULEVARD",,"0","0","0","0","0","0","0","0","Unspecified","Unspecified",,,,"4407050","Sedan","Sedan",,,
"row-7wvd-xx3s.imab","rv-43vc~yjv7_8a2q","2021-04-19T13:00:42.446Z","2021-04-19T13:01:20.786Z","2021-04-13T00:00:00.000","14:50",,,"40.7271300","-73.8124800","( 4 0 . 7 2 7 1 3 ,   - 7 3 . 8 1 2 4 8 )","KISSENA BOULEVARD               ","73 AVENUE",,"2","0","0","0","0","0","2","0","Driver Inattention/Distraction","Driver Inattention/Distraction",,,,"4407082","4 dr sedan","Sedan",,,
"row-n6y3-7qki~28qb","rv-egxn_2h47_5je2","2021-04-19T13:00:42.446Z","2021-04-19T13:01:20.786Z","2021-04-13T00:00:00.000","14:53","BRONX","10452","40.8439060","-73.9241300","( 4 0 . 8 4 3 9 0 6 ,   - 7 3 . 9 2 4 1 3 )","UNIVERSITY AVENUE               ","BOSCOBEL PLACE",,"0","0","0","0","0","0","0","0","Turning Improperly","Unspecified",,,,"4407160","Sedan","Station Wagon/Sport Utility Vehicle",,,
"row-w3a6_5nmk_25j8","rv-m76k~c3mx_9xiv","2021-04-19T13:00:42.446Z","2021-04-19T13:01:20.786Z","2021-04-13T00:00:00.000","14:55","BRONX","10467","40.8653900","-73.8691300","( 4 0 . 8 6 5 3 9 ,   - 7 3 . 8 6 9 1 3 )","ALLERTON AVENUE                 ","BARKER AVENUE",,"2","0","0","0","0","0","2","0","Other Vehicular","Obstruction/Debris",,,,"4407259","Station Wagon/Sport Utility Vehicle","Sedan",,,
"row-is7y~jhid.ch58","rv-qgap_ubid.4wp8","2021-04-19T13:00:42.446Z","2021-04-19T13:01:20.786Z","2021-04-13T00:00:00.000","14:59","BROOKLYN","11230","40.6244500","-73.9680250","( 4 0 . 6 2 4 4 5 ,   - 7 3 . 9 6 8 0 2 5 )","EAST 8 STREET                   ","AVENUE J",,"1","0","1","0","0","0","0","0","Unspecified",,,,,"4407289","Station Wagon/Sport Utility Vehicle",,,,
"row-qqgi.vbfy_aznb","rv-dwb3.zia3_fxd2","2021-04-19T13:00:42.446Z","2021-04-19T13:01:20.786Z","2021-04-13T00:00:00.000","15:00","BROOKLYN","11208","40.6739430","-73.8639300","( 4 0 . 6 7 3 9 4 3 ,   - 7 3 . 8 6 3 9 3 )","SUTTER AVENUE                   ","ELDERTS LANE",,"0","0","0","0","0","0","0","0","Driver Inattention/Distraction","Unspecified",,,,"4407734","Station Wagon/Sport Utility Vehicle","Sedan",,,
"row-knkj~gtj3_suf4","rv-7atb-9gq4_3m49","2021-04-19T13:00:42.446Z","2021-04-19T13:01:20.786Z","2021-04-13T00:00:00.000","15:00","MANHATTAN","10033","40.8451400","-73.9338100","( 4 0 . 8 4 5 1 4 ,   - 7 3 . 9 3 3 8 1 )",,,"514       WEST 176 STREET               ","1","0","0","0","0","0","1","0","Aggressive Driving/Road Rage","Unspecified",,,,"4407262","Sedan","Sedan",,,
"row-m85g~z8va-u8mx","rv-racw.8wem-48sf","2021-04-19T13:00:42.446Z","2021-04-19T13:01:20.786Z","2021-04-13T00:00:00.000","15:08",,,"40.7295530","-73.9118800","( 4 0 . 7 2 9 5 5 3 ,   - 7 3 . 9 1 1 8 8 )","58 STREET                       ","BORDEN AVENUE",,"2","0","0","0","0","0","2","0","Driver Inattention/Distraction","Unspecified","Unspecified",,,"4407362","Carry All","Taxi","Van",,
"row-mfib~myda_39mt","rv-mgak_y67d-dcfm","2021-04-19T13:00:42.446Z","2021-04-19T13:01:20.786Z","2021-04-13T00:00:00.000","15:25","QUEENS","11691","40.6047820","-73.7540050","( 4 0 . 6 0 4 7 8 2 ,   - 7 3 . 7 5 4 0 0 5 )","MOTT AVENUE                     ","BEACH 22 STREET",,"0","0","0","0","0","0","0","0","Other Vehicular","Following Too Closely",,,,"4407149","Sedan",,,,
"row-8m4u_i9zj.cgzg","rv-e7yb.rnmj-uc8w","2021-04-19T13:00:42.446Z","2021-04-19T13:01:20.786Z","2021-04-13T00:00:00.000","15:28",,,,,,"WILLIS AVE BRIDGE               ",,,"0","0","0","0","0","0","0","0","Driver Inattention/Distraction","Unspecified",,,,"4407513","Box Truck","Sedan",,,
"row-ky4j~x63z.t4qx","rv-fb66.emwg.vdri","2021-04-19T13:00:42.446Z","2021-04-19T13:01:20.786Z","2021-04-13T00:00:00.000","15:28","BRONX","10460","40.8324100","-73.8907200","( 4 0 . 8 3 2 4 1 ,   - 7 3 . 8 9 0 7 2 )","SOUTHERN BOULEVARD              ","JENNINGS STREET",,"1","0","1","0","0","0","0","0","Failure to Yield Right-of-Way",,,,,"4407487","Sedan",,,,
"row-hwt4.yvkx-p5ra","rv-cijg.quhg.t7ww","2021-04-19T13:00:42.446Z","2021-04-19T13:01:20.786Z","2021-04-13T00:00:00.000","15:30","BROOKLYN","11224","40.5755730","-73.9943200","( 4 0 . 5 7 5 5 7 3 ,   - 7 3 . 9 9 4 3 2 )","MERMAID AVENUE                  ","WEST 28 STREET",,"0","0","0","0","0","0","0","0","Following Too Closely","Unspecified",,,,"4407477","Station Wagon/Sport Utility Vehicle",,,,
"row-vjbn-wvgq~wbsk","rv-xb8g~6k3h_veai","2021-04-19T13:00:42.446Z","2021-04-19T13:01:20.786Z","2021-04-13T00:00:00.000","15:30",,,"40.6356240","-74.0170700","( 4 0 . 6 3 5 6 2 4 ,   - 7 4 . 0 1 7 0 7 )","BROOKLYN QUEENS EXPRESSWAY      ",,,"1","0","0","0","0","0","1","0","Following Too Closely","Unspecified","Unspecified","Unspecified",,"4407070","Station Wagon/Sport Utility Vehicle","Station Wagon/Sport Utility Vehicle","Sedan","Pick-up Truck",
"row-6gbg-piwz~xrw8","rv-57cb_6n56-g4da","2021-04-19T13:00:42.446Z","2021-04-19T13:01:20.786Z","2021-04-13T00:00:00.000","15:34",,,"40.8566900","-73.8647460","( 4 0 . 8 5 6 6 9 ,   - 7 3 . 8 6 4 7 4 6 )","PELHAM PARKWAY SOUTH            ","WALLACE AVENUE",,"1","0","0","0","0","0","1","0","Driver Inexperience","Unspecified",,,,"4407252","Station Wagon/Sport Utility Vehicle","Moped",,,
"row-7y42-mzg5~ephx","rv-47ew_yy4c.5qw4","2021-04-19T13:00:42.446Z","2021-04-19T13:01:20.786Z","2021-04-13T00:00:00.000","15:38",,,,,,"VALENTINE AVENUE                ",,,"0","0","0","0","0","0","0","0","Unspecified",,,,,"4407237","Station Wagon/Sport Utility Vehicle",,,,
"row-z2rh-7miz.ug6i","rv-isni~tgp4.3wr6","2021-04-19T13:00:42.446Z","2021-04-19T13:01:20.786Z","2021-04-13T00:00:00.000","15:44","BROOKLYN","11237","40.7040900","-73.9276500","( 4 0 . 7 0 4 0 9 ,   - 7 3 . 9 2 7 6 5 )","KNICKERBOCKER AVENUE            ","MELROSE STREET",,"1","0","0","0","1","0","0","0","Unspecified","Unspecified",,,,"4407137","Flat Bed","Bike",,,
"row-f8e8_st5e_fvtp","rv-ucns_8nyi.kw5g","2021-04-19T13:00:42.446Z","2021-04-19T13:01:20.786Z","2021-04-13T00:00:00.000","15:49","MANHATTAN","10034","40.8655470","-73.9272800","( 4 0 . 8 6 5 5 4 7 ,   - 7 3 . 9 2 7 2 8 )","DYCKMAN STREET                  ","BROADWAY",,"0","0","0","0","0","0","0","0","Unspecified",,,,,"4407315","Station Wagon/Sport Utility Vehicle",,,,
"row-jq5j_wb34-y3qz","rv-s4hm-cxx8.ty8n","2021-04-19T13:00:42.446Z","2021-04-19T13:01:20.786Z","2021-04-13T00:00:00.000","15:50",,,"40.7892800","-73.8409500","( 4 0 . 7 8 9 2 8 ,   - 7 3 . 8 4 0 9 5 )","9 AVENUE                        ",,,"0","0","0","0","0","0","0","0","Unsafe Speed","Unspecified",,,,"4407170","Station Wagon/Sport Utility Vehicle","Sedan",,,
"row-nb63.k3dh_dpu2","rv-vgs3-yykv~2apk","2021-04-19T13:00:42.446Z","2021-04-19T13:01:20.786Z","2021-04-13T00:00:00.000","15:56","MANHATTAN","10032","40.8435500","-73.9391250","( 4 0 . 8 4 3 5 5 ,   - 7 3 . 9 3 9 1 2 5 )",,,"4069      BROADWAY                      ","1","0","0","0","0","0","1","0","Unspecified","Unspecified",,,,"4407263","Taxi","Sedan",,,
"row-8uk2-s9fu_99gh","rv-mtdh~h5we.xkid","2021-04-19T13:00:42.446Z","2021-04-19T13:01:20.786Z","2021-04-13T00:00:00.000","16:00","BROOKLYN","11210","40.6359500","-73.9441150","( 4 0 . 6 3 5 9 5 ,   - 7 3 . 9 4 4 1 1 5 )",,,"824       EAST 34 STREET                ","0","0","0","0","0","0","0","0","Unsafe Lane Changing","Unspecified",,,,"4407023","Sedan","Enclosed Body - Removable Enclosure",,,
"row-kcde-zdgc~rh2e","rv-ryee_59rc.mp53","2021-04-19T13:00:42.446Z","2021-04-19T13:01:20.786Z","2021-04-13T00:00:00.000","16:00",,,"40.7361450","-73.9115500","( 4 0 . 7 3 6 1 4 5 ,   - 7 3 . 9 1 1 5 5 )","BROOKLYN QUEENS EXPRESSWAY      ",,,"0","0","0","0","0","0","0","0","Glare","Unspecified",,,,"4407026","OTHER","Sedan",,,
"row-u2uu~6gkx.ui6c","rv-yywd~fhtx~mnc4","2021-04-19T13:00:42.446Z","2021-04-19T13:01:20.786Z","2021-04-13T00:00:00.000","16:00",,,,,,"EAST 43 STREET                  ","PARK AVENUE",,"0","0","0","0","0","0","0","0","Driver Inattention/Distraction","Unspecified",,,,"4407276","Station Wagon/Sport Utility Vehicle","Taxi",,,
"row-2e95_pwi2_qgfy","rv-gqpc~ffrs~6trr","2021-04-19T13:00:42.446Z","2021-04-19T13:01:20.786Z","2021-04-13T00:00:00.000","16:00",,,"40.7387300","-73.8142800","( 4 0 . 7 3 8 7 3 ,   - 7 3 . 8 1 4 2 8 )","LONG ISLAND EXPRESSWAY          ",,,"0","0","0","0","0","0","0","0","Driver Inattention/Distraction","Unspecified",,,,"4407089","Station Wagon/Sport Utility Vehicle","Station Wagon/Sport Utility Vehicle",,,
"row-ivg8-4uva~f3w4","rv-34c8_sbj6~yghj","2021-04-19T13:00:42.446Z","2021-04-19T13:01:20.786Z","2021-04-13T00:00:00.000","16:00",,,"40.6764450","-73.9276200","( 4 0 . 6 7 6 4 4 5 ,   - 7 3 . 9 2 7 6 2 )","ROCHESTER AVENUE                ",,,"0","0","0","0","0","0","0","0","Unspecified",,,,,"4407352","Pick-up Truck",,,,
"row-hwnh_nm9b.w5pv","rv-q2yq-rmir~9d98","2021-04-19T13:00:42.446Z","2021-04-19T13:01:20.786Z","2021-04-13T00:00:00.000","16:01",,,"40.7614200","-73.9840550","( 4 0 . 7 6 1 4 2 ,   - 7 3 . 9 8 4 0 5 5 )","WEST 50 STREET                  ",,,"0","0","0","0","0","0","0","0","Following Too Closely","Unspecified",,,,"4407032","Taxi","Station Wagon/Sport Utility Vehicle",,,
